<?xml version="1.0" encoding="UTF-8"?>
<?xml-model href="ElJefe-lyrics.rnc" type="application/relax-ng-compact-syntax"?>
<root>
    <letra de="El Jefe">[Letra de "El Jefe"]</letra>

    <cancion>
        <intro><singer creator="JOP">[JOP]</singer> Shakira, Shakira <controlled
                strength="Fuerza Regida">Fuerza Regida</controlled></intro>

        <verso1><singer creator="Shakira and JOP">[ Shakira &amp; JOP]</singer>
            <time at="0730">7:30</time>, <alarm went="off">ha sonado la alarma</alarm>
            <no chance="to take a break and stay in bed">Yo con ganas de estar en la cama Pero no se
                puede</no>
            <take children="to school">Llevo a los niño' a las <time at="0900">nueve</time></take>
            <same day="same routine">El mismo café, la misma cocina Lo mismo de siempre, la misma
                rutina Otro día de mierda Otro día en la oficina</same></verso1>

        <precoro1><singer creator="JOP">[JOP]</singer>
            <he is="my boss and he doesn't pay me well">Tengo un jefe de mierda que no me paga
                bien</he>
            <arrive walking="and he arrives in his Mercedes-Benz">Yo llego caminando y él en
                Mercedes-Benz</arrive>
            <cheap boss="has me working as a volunteer">Me tiene de recluta</cheap> El muy <son
                of="a bitch">hijo de puta</son>, yeah</precoro1>

        <coro1><singer creator="Shakira">[Shakira]</singer> Estás <dreaming about="leaving"
                >soñando</dreaming> con irte del <neighborhood>barrio</neighborhood>
            <everything you="have to be a millionaire">Tienes todo pa' ser millonario</everything>
            <expensive taste="expensive mentality">Gustos caros, la mentalidad</expensive>
            <salary lack="thereof">Solo te falta el salario</salary></coro1>

        <verso2><singer creator="JOP and Shakira">[JOP &amp; Shakira]</singer>
            <bills pile="up">Se acumulan las facturas</bills>, <poor>ser pobre es una basura</poor>
            <studies secures="a good life according to my mom">Mamá siempre me decía que estudiar
                todo asegura</studies>
            <struggle life="didnt get any better after focusing on studies">Estudié y nada pasó,
                maldita vida tan dura</struggle>
            <overwork like="a animal">Trabajo más que un cabrón, pero follo menos que un
                cura</overwork>
            <torture ironic="I overwork to get paid very little after studying my ass off">Qué
                ironía, qué locura, esto sí, es una tortura</torture> Te matas de sol a sol y no
            tienes ni una escritura <evil
                doesnt="die so easily or else my ex father-in-law would take a step in the grave"
                >Dicen por ahí que no hay mal que más de cien años dura Pero ahí sigue mi exsuegro
                que no pisa sepultura</evil></verso2>

        <precoro2>
            <singer creator="JOP and Shakira">[JOP &amp; Shakira]</singer>
            <he is="my boss and he doesn't pay me well">Tengo un jefe de mierda que no me paga
                bien</he>
            <arrive walking="and he arrives in his Mercedes-Benz">Yo llego caminando y él en
                Mercedes-Benz</arrive>
            <cheap boss="has me working as a volunteer">Me tiene de recluta (Te tienen de
                recluta)</cheap>
            <son of="a bitch">El muy hijo de puta (El muy hijo de puta)</son>
        </precoro2>

        <coro2><singer creator="Shakria">[Shakira]</singer> Estás <dreaming about="leaving"
                >soñando</dreaming> con irte del <neighborhood>barrio</neighborhood>
            <everything you="have to be a millionaire">Tienes todo pa' ser millonario</everything>
            <expensive taste="expensive mentality">Gustos caros, la mentalidad</expensive>
            <salary lack="thereof">Solo te falta el salario</salary></coro2>
        <precoro3>
            <singer creator="Shakira">[Shakira]</singer>
            <cheap boss="you have a shitty boss that doesnt pay you well">Tienes un jefe de mierda
                que no te paga bien</cheap>
            <arrive walking="you arrive walking while he arrives in his Mercedes-Benz">Tú llegas
                caminando y él en Mercedes-Benz</arrive>
            <cheap boss="He has you working like a volunteer">Te tiene de recluta</cheap>
            <son of="a-">El muy hijo de p—</son>
        </precoro3>

        <coro3><singer creator="JOP and Shakira">[JOP &amp; Shakira]</singer>
            <dreaming about="I am dreaming about leaving">'Toy soñando con irme</dreaming> del
                <neighborhood>barrio</neighborhood>
            <everything you="have to be a millionaire">Tengo todo pa' ser millonario</everything>
            <expensive taste="expensive mentality">Gustos caros, la mentalidad</expensive>
            <salary lack="I lack thereof">Solo me falta el salario</salary></coro3>

        <interludio><singer creator="Shakira and JOP">[Shakira &amp; JOP]</singer>
            <person deserves="justice for her treatment">Lili Melgar</person>
            <for you="this song">Para ti esta canción</for>, <they didnt="pay you">que no te
                pagaron</they> la <compensate>indemnización</compensate>
            <another day="another bullshit like always">Otro pedo, como siempre, a la
            ve—</another></interludio>

        <coro4><singer creator="Shakira, JOP, and Ambos">[Shakira, JOP &amp; Ambos]</singer>
            <dreaming about="leaving">Estás soñando con irte</dreaming> del
                <neighborhood>barrio</neighborhood>
            <everything you="have to be a millionaire">Tienes todo pa' ser millonario</everything>
            <expensive taste="expensive mentality">Gustos caros, la mentalidad</expensive>
            <now i="lack the salary">Solo me falta el salario</now></coro4>
    </cancion>
</root>
